approval_id,task_id,requested_action,requesting_agent,risk_score,confidence_score,reason,required_approver_role,approval_status,created_at
approval_00001,task_00001,review approval queue,finance_agent,93,0.88,Decision selected by confidence-risk gate and tool policy evaluation.,domain_owner,pending,2026-01-01 00:01:00
approval_00002,task_00003,review approval queue,support_agent,93,0.88,Decision selected by confidence-risk gate and tool policy evaluation.,domain_owner,pending,2026-01-01 00:03:00
approval_00003,task_00005,review approval queue,healthcare_ops_agent,63,0.88,Decision selected by confidence-risk gate and tool policy evaluation.,domain_owner,pending,2026-01-01 00:05:00
approval_00004,task_00008,review approval queue,rag_agent,69,0.83,Decision selected by confidence-risk gate and tool policy evaluation.,domain_owner,pending,2026-01-01 00:08:00
approval_00005,task_00009,review approval queue,metrics_agent,75,0.88,Decision selected by confidence-risk gate and tool policy evaluation.,domain_owner,pending,2026-01-01 00:09:00
approval_00006,task_00010,review approval queue,governance_agent,93,0.88,Decision selected by confidence-risk gate and tool policy evaluation.,domain_owner,pending,2026-01-01 00:10:00
approval_00007,task_00012,review approval queue,executive_agent,93,0.88,Decision selected by confidence-risk gate and tool policy evaluation.,domain_owner,pending,2026-01-01 00:12:00
approval_00008,task_00013,review approval queue,finance_agent,93,0.83,Decision selected by confidence-risk gate and tool policy evaluation.,domain_owner,pending,2026-01-01 00:13:00
approval_00009,task_00014,review approval queue,fraud_agent,51,0.83,Decision selected by confidence-risk gate and tool policy evaluation.,domain_owner,pending,2026-01-01 00:14:00
approval_00010,task_00015,review approval queue,support_agent,93,0.88,Decision selected by confidence-risk gate and tool policy evaluation.,domain_owner,pending,2026-01-01 00:15:00
approval_00011,task_00017,review approval queue,healthcare_ops_agent,63,0.88,Decision selected by confidence-risk gate and tool policy evaluation.,domain_owner,pending,2026-01-01 00:17:00
approval_00012,task_00021,review approval queue,metrics_agent,75,0.88,Decision selected by confidence-risk gate and tool policy evaluation.,domain_owner,pending,2026-01-01 00:21:00
approval_00013,task_00022,review approval queue,governance_agent,93,0.83,Decision selected by confidence-risk gate and tool policy evaluation.,domain_owner,pending,2026-01-01 00:22:00
approval_00014,task_00024,review approval queue,executive_agent,93,0.83,Decision selected by confidence-risk gate and tool policy evaluation.,domain_owner,pending,2026-01-01 00:24:00
approval_00015,task_00025,review approval queue,finance_agent,93,0.88,Decision selected by confidence-risk gate and tool policy evaluation.,domain_owner,pending,2026-01-01 00:25:00
approval_00016,task_00027,review approval queue,support_agent,93,0.83,Decision selected by confidence-risk gate and tool policy evaluation.,domain_owner,pending,2026-01-01 00:27:00
approval_00017,task_00029,review approval queue,healthcare_ops_agent,63,0.83,Decision selected by confidence-risk gate and tool policy evaluation.,domain_owner,pending,2026-01-01 00:29:00
approval_00018,task_00033,review approval queue,metrics_agent,75,0.88,Decision selected by confidence-risk gate and tool policy evaluation.,domain_owner,pending,2026-01-01 00:33:00
approval_00019,task_00034,review approval queue,governance_agent,93,0.88,Decision selected by confidence-risk gate and tool policy evaluation.,domain_owner,pending,2026-01-01 00:34:00
approval_00020,task_00036,review approval queue,executive_agent,93,0.83,Decision selected by confidence-risk gate and tool policy evaluation.,domain_owner,pending,2026-01-01 00:36:00
approval_00021,task_00037,review approval queue,finance_agent,93,0.88,Decision selected by confidence-risk gate and tool policy evaluation.,domain_owner,pending,2026-01-01 00:37:00
approval_00022,task_00038,review approval queue,fraud_agent,51,0.83,Decision selected by confidence-risk gate and tool policy evaluation.,domain_owner,pending,2026-01-01 00:38:00
approval_00023,task_00039,review approval queue,support_agent,93,0.88,Decision selected by confidence-risk gate and tool policy evaluation.,domain_owner,pending,2026-01-01 00:39:00
approval_00024,task_00041,review approval queue,healthcare_ops_agent,63,0.88,Decision selected by confidence-risk gate and tool policy evaluation.,domain_owner,pending,2026-01-01 00:41:00
approval_00025,task_00044,review approval queue,rag_agent,69,0.83,Decision selected by confidence-risk gate and tool policy evaluation.,domain_owner,pending,2026-01-01 00:44:00
approval_00026,task_00045,review approval queue,metrics_agent,75,0.83,Decision selected by confidence-risk gate and tool policy evaluation.,domain_owner,pending,2026-01-01 00:45:00
approval_00027,task_00046,review approval queue,governance_agent,93,0.88,Decision selected by confidence-risk gate and tool policy evaluation.,domain_owner,pending,2026-01-01 00:46:00
approval_00028,task_00048,review approval queue,executive_agent,93,0.83,Decision selected by confidence-risk gate and tool policy evaluation.,domain_owner,pending,2026-01-01 00:48:00
approval_00029,task_00049,review approval queue,finance_agent,93,0.83,Decision selected by confidence-risk gate and tool policy evaluation.,domain_owner,pending,2026-01-01 00:49:00
approval_00030,task_00050,review approval queue,fraud_agent,51,0.83,Decision selected by confidence-risk gate and tool policy evaluation.,domain_owner,pending,2026-01-01 00:50:00
approval_00031,task_00051,review approval queue,support_agent,93,0.88,Decision selected by confidence-risk gate and tool policy evaluation.,domain_owner,pending,2026-01-01 00:51:00
approval_00032,task_00053,review approval queue,healthcare_ops_agent,63,0.88,Decision selected by confidence-risk gate and tool policy evaluation.,domain_owner,pending,2026-01-01 00:53:00
approval_00033,task_00056,review approval queue,rag_agent,69,0.83,Decision selected by confidence-risk gate and tool policy evaluation.,domain_owner,pending,2026-01-01 00:56:00
approval_00034,task_00057,review approval queue,metrics_agent,75,0.88,Decision selected by confidence-risk gate and tool policy evaluation.,domain_owner,pending,2026-01-01 00:57:00
approval_00035,task_00058,review approval queue,governance_agent,93,0.88,Decision selected by confidence-risk gate and tool policy evaluation.,domain_owner,pending,2026-01-01 00:58:00
approval_00036,task_00060,review approval queue,executive_agent,93,0.88,Decision selected by confidence-risk gate and tool policy evaluation.,domain_owner,pending,2026-01-01 01:00:00
approval_00037,task_00061,review approval queue,finance_agent,93,0.83,Decision selected by confidence-risk gate and tool policy evaluation.,domain_owner,pending,2026-01-01 01:01:00
approval_00038,task_00063,review approval queue,support_agent,93,0.83,Decision selected by confidence-risk gate and tool policy evaluation.,domain_owner,pending,2026-01-01 01:03:00
approval_00039,task_00065,review approval queue,healthcare_ops_agent,63,0.88,Decision selected by confidence-risk gate and tool policy evaluation.,domain_owner,pending,2026-01-01 01:05:00
approval_00040,task_00069,review approval queue,metrics_agent,75,0.88,Decision selected by confidence-risk gate and tool policy evaluation.,domain_owner,pending,2026-01-01 01:09:00
approval_00041,task_00070,review approval queue,governance_agent,93,0.88,Decision selected by confidence-risk gate and tool policy evaluation.,domain_owner,pending,2026-01-01 01:10:00
approval_00042,task_00072,review approval queue,executive_agent,93,0.88,Decision selected by confidence-risk gate and tool policy evaluation.,domain_owner,pending,2026-01-01 01:12:00
approval_00043,task_00073,review approval queue,finance_agent,93,0.88,Decision selected by confidence-risk gate and tool policy evaluation.,domain_owner,pending,2026-01-01 01:13:00
approval_00044,task_00075,review approval queue,support_agent,93,0.83,Decision selected by confidence-risk gate and tool policy evaluation.,domain_owner,pending,2026-01-01 01:15:00
approval_00045,task_00077,review approval queue,healthcare_ops_agent,63,0.88,Decision selected by confidence-risk gate and tool policy evaluation.,domain_owner,pending,2026-01-01 01:17:00
approval_00046,task_00081,review approval queue,metrics_agent,75,0.88,Decision selected by confidence-risk gate and tool policy evaluation.,domain_owner,pending,2026-01-01 01:21:00
approval_00047,task_00082,review approval queue,governance_agent,93,0.88,Decision selected by confidence-risk gate and tool policy evaluation.,domain_owner,pending,2026-01-01 01:22:00
approval_00048,task_00084,review approval queue,executive_agent,93,0.88,Decision selected by confidence-risk gate and tool policy evaluation.,domain_owner,pending,2026-01-01 01:24:00
approval_00049,task_00085,review approval queue,finance_agent,93,0.83,Decision selected by confidence-risk gate and tool policy evaluation.,domain_owner,pending,2026-01-01 01:25:00
approval_00050,task_00087,review approval queue,support_agent,93,0.88,Decision selected by confidence-risk gate and tool policy evaluation.,domain_owner,pending,2026-01-01 01:27:00
approval_00051,task_00089,review approval queue,healthcare_ops_agent,63,0.83,Decision selected by confidence-risk gate and tool policy evaluation.,domain_owner,pending,2026-01-01 01:29:00
approval_00052,task_00093,review approval queue,metrics_agent,75,0.88,Decision selected by confidence-risk gate and tool policy evaluation.,domain_owner,pending,2026-01-01 01:33:00
approval_00053,task_00094,review approval queue,governance_agent,93,0.88,Decision selected by confidence-risk gate and tool policy evaluation.,domain_owner,pending,2026-01-01 01:34:00
approval_00054,task_00096,review approval queue,executive_agent,93,0.83,Decision selected by confidence-risk gate and tool policy evaluation.,domain_owner,pending,2026-01-01 01:36:00
approval_00055,task_00097,review approval queue,finance_agent,93,0.88,Decision selected by confidence-risk gate and tool policy evaluation.,domain_owner,pending,2026-01-01 01:37:00
approval_00056,task_00099,review approval queue,support_agent,93,0.88,Decision selected by confidence-risk gate and tool policy evaluation.,domain_owner,pending,2026-01-01 01:39:00
approval_00057,task_00101,review approval queue,healthcare_ops_agent,63,0.88,Decision selected by confidence-risk gate and tool policy evaluation.,domain_owner,pending,2026-01-01 01:41:00
approval_00058,task_00105,review approval queue,metrics_agent,75,0.88,Decision selected by confidence-risk gate and tool policy evaluation.,domain_owner,pending,2026-01-01 01:45:00
approval_00059,task_00106,review approval queue,governance_agent,93,0.88,Decision selected by confidence-risk gate and tool policy evaluation.,domain_owner,pending,2026-01-01 01:46:00
approval_00060,task_00108,review approval queue,executive_agent,93,0.88,Decision selected by confidence-risk gate and tool policy evaluation.,domain_owner,pending,2026-01-01 01:48:00
approval_00061,task_00109,review approval queue,finance_agent,93,0.88,Decision selected by confidence-risk gate and tool policy evaluation.,domain_owner,pending,2026-01-01 01:49:00
approval_00062,task_00111,review approval queue,support_agent,93,0.88,Decision selected by confidence-risk gate and tool policy evaluation.,domain_owner,pending,2026-01-01 01:51:00
approval_00063,task_00112,review approval queue,supply_chain_agent,57,0.83,Decision selected by confidence-risk gate and tool policy evaluation.,domain_owner,pending,2026-01-01 01:52:00
approval_00064,task_00113,review approval queue,healthcare_ops_agent,63,0.88,Decision selected by confidence-risk gate and tool policy evaluation.,domain_owner,pending,2026-01-01 01:53:00
approval_00065,task_00117,review approval queue,metrics_agent,75,0.83,Decision selected by confidence-risk gate and tool policy evaluation.,domain_owner,pending,2026-01-01 01:57:00
approval_00066,task_00118,review approval queue,governance_agent,93,0.83,Decision selected by confidence-risk gate and tool policy evaluation.,domain_owner,pending,2026-01-01 01:58:00
approval_00067,task_00120,review approval queue,executive_agent,93,0.83,Decision selected by confidence-risk gate and tool policy evaluation.,domain_owner,pending,2026-01-01 02:00:00
approval_00068,task_00121,review approval queue,finance_agent,93,0.88,Decision selected by confidence-risk gate and tool policy evaluation.,domain_owner,pending,2026-01-01 02:01:00
approval_00069,task_00122,review approval queue,fraud_agent,51,0.83,Decision selected by confidence-risk gate and tool policy evaluation.,domain_owner,pending,2026-01-01 02:02:00
approval_00070,task_00123,review approval queue,support_agent,93,0.88,Decision selected by confidence-risk gate and tool policy evaluation.,domain_owner,pending,2026-01-01 02:03:00
approval_00071,task_00125,review approval queue,healthcare_ops_agent,63,0.88,Decision selected by confidence-risk gate and tool policy evaluation.,domain_owner,pending,2026-01-01 02:05:00
approval_00072,task_00129,review approval queue,metrics_agent,75,0.88,Decision selected by confidence-risk gate and tool policy evaluation.,domain_owner,pending,2026-01-01 02:09:00
approval_00073,task_00130,review approval queue,governance_agent,93,0.88,Decision selected by confidence-risk gate and tool policy evaluation.,domain_owner,pending,2026-01-01 02:10:00
approval_00074,task_00132,review approval queue,executive_agent,93,0.88,Decision selected by confidence-risk gate and tool policy evaluation.,domain_owner,pending,2026-01-01 02:12:00
approval_00075,task_00133,review approval queue,finance_agent,93,0.83,Decision selected by confidence-risk gate and tool policy evaluation.,domain_owner,pending,2026-01-01 02:13:00
approval_00076,task_00135,review approval queue,support_agent,93,0.83,Decision selected by confidence-risk gate and tool policy evaluation.,domain_owner,pending,2026-01-01 02:15:00
approval_00077,task_00136,review approval queue,supply_chain_agent,57,0.83,Decision selected by confidence-risk gate and tool policy evaluation.,domain_owner,pending,2026-01-01 02:16:00
approval_00078,task_00137,review approval queue,healthcare_ops_agent,63,0.83,Decision selected by confidence-risk gate and tool policy evaluation.,domain_owner,pending,2026-01-01 02:17:00
approval_00079,task_00141,review approval queue,metrics_agent,75,0.88,Decision selected by confidence-risk gate and tool policy evaluation.,domain_owner,pending,2026-01-01 02:21:00
approval_00080,task_00142,review approval queue,governance_agent,93,0.88,Decision selected by confidence-risk gate and tool policy evaluation.,domain_owner,pending,2026-01-01 02:22:00
approval_00081,task_00144,review approval queue,executive_agent,93,0.88,Decision selected by confidence-risk gate and tool policy evaluation.,domain_owner,pending,2026-01-01 02:24:00
approval_00082,task_00145,review approval queue,finance_agent,93,0.83,Decision selected by confidence-risk gate and tool policy evaluation.,domain_owner,pending,2026-01-01 02:25:00
approval_00083,task_00146,review approval queue,fraud_agent,51,0.83,Decision selected by confidence-risk gate and tool policy evaluation.,domain_owner,pending,2026-01-01 02:26:00
approval_00084,task_00147,review approval queue,support_agent,93,0.88,Decision selected by confidence-risk gate and tool policy evaluation.,domain_owner,pending,2026-01-01 02:27:00
approval_00085,task_00148,review approval queue,supply_chain_agent,57,0.83,Decision selected by confidence-risk gate and tool policy evaluation.,domain_owner,pending,2026-01-01 02:28:00
approval_00086,task_00149,review approval queue,healthcare_ops_agent,63,0.88,Decision selected by confidence-risk gate and tool policy evaluation.,domain_owner,pending,2026-01-01 02:29:00
approval_00087,task_00152,review approval queue,rag_agent,69,0.83,Decision selected by confidence-risk gate and tool policy evaluation.,domain_owner,pending,2026-01-01 02:32:00
approval_00088,task_00153,review approval queue,metrics_agent,75,0.88,Decision selected by confidence-risk gate and tool policy evaluation.,domain_owner,pending,2026-01-01 02:33:00
approval_00089,task_00154,review approval queue,governance_agent,93,0.83,Decision selected by confidence-risk gate and tool policy evaluation.,domain_owner,pending,2026-01-01 02:34:00
approval_00090,task_00156,review approval queue,executive_agent,93,0.83,Decision selected by confidence-risk gate and tool policy evaluation.,domain_owner,pending,2026-01-01 02:36:00
approval_00091,task_00157,review approval queue,finance_agent,93,0.88,Decision selected by confidence-risk gate and tool policy evaluation.,domain_owner,pending,2026-01-01 02:37:00
approval_00092,task_00159,review approval queue,support_agent,93,0.88,Decision selected by confidence-risk gate and tool policy evaluation.,domain_owner,pending,2026-01-01 02:39:00
approval_00093,task_00161,review approval queue,healthcare_ops_agent,63,0.83,Decision selected by confidence-risk gate and tool policy evaluation.,domain_owner,pending,2026-01-01 02:41:00
approval_00094,task_00165,review approval queue,metrics_agent,75,0.83,Decision selected by confidence-risk gate and tool policy evaluation.,domain_owner,pending,2026-01-01 02:45:00
approval_00095,task_00166,review approval queue,governance_agent,93,0.83,Decision selected by confidence-risk gate and tool policy evaluation.,domain_owner,pending,2026-01-01 02:46:00
approval_00096,task_00168,review approval queue,executive_agent,93,0.88,Decision selected by confidence-risk gate and tool policy evaluation.,domain_owner,pending,2026-01-01 02:48:00
approval_00097,task_00169,review approval queue,finance_agent,93,0.83,Decision selected by confidence-risk gate and tool policy evaluation.,domain_owner,pending,2026-01-01 02:49:00
approval_00098,task_00170,review approval queue,fraud_agent,51,0.83,Decision selected by confidence-risk gate and tool policy evaluation.,domain_owner,pending,2026-01-01 02:50:00
approval_00099,task_00171,review approval queue,support_agent,93,0.88,Decision selected by confidence-risk gate and tool policy evaluation.,domain_owner,pending,2026-01-01 02:51:00
approval_00100,task_00173,review approval queue,healthcare_ops_agent,63,0.83,Decision selected by confidence-risk gate and tool policy evaluation.,domain_owner,pending,2026-01-01 02:53:00
approval_00101,task_00176,review approval queue,rag_agent,69,0.83,Decision selected by confidence-risk gate and tool policy evaluation.,domain_owner,pending,2026-01-01 02:56:00
approval_00102,task_00177,review approval queue,metrics_agent,75,0.83,Decision selected by confidence-risk gate and tool policy evaluation.,domain_owner,pending,2026-01-01 02:57:00
approval_00103,task_00178,review approval queue,governance_agent,93,0.83,Decision selected by confidence-risk gate and tool policy evaluation.,domain_owner,pending,2026-01-01 02:58:00
approval_00104,task_00180,review approval queue,executive_agent,93,0.88,Decision selected by confidence-risk gate and tool policy evaluation.,domain_owner,pending,2026-01-01 03:00:00
approval_00105,task_00181,review approval queue,finance_agent,93,0.88,Decision selected by confidence-risk gate and tool policy evaluation.,domain_owner,pending,2026-01-01 03:01:00
approval_00106,task_00182,review approval queue,fraud_agent,51,0.83,Decision selected by confidence-risk gate and tool policy evaluation.,domain_owner,pending,2026-01-01 03:02:00
approval_00107,task_00183,review approval queue,support_agent,93,0.83,Decision selected by confidence-risk gate and tool policy evaluation.,domain_owner,pending,2026-01-01 03:03:00
approval_00108,task_00185,review approval queue,healthcare_ops_agent,63,0.88,Decision selected by confidence-risk gate and tool policy evaluation.,domain_owner,pending,2026-01-01 03:05:00
approval_00109,task_00189,review approval queue,metrics_agent,75,0.83,Decision selected by confidence-risk gate and tool policy evaluation.,domain_owner,pending,2026-01-01 03:09:00
approval_00110,task_00190,review approval queue,governance_agent,93,0.88,Decision selected by confidence-risk gate and tool policy evaluation.,domain_owner,pending,2026-01-01 03:10:00
approval_00111,task_00192,review approval queue,executive_agent,93,0.83,Decision selected by confidence-risk gate and tool policy evaluation.,domain_owner,pending,2026-01-01 03:12:00
approval_00112,task_00193,review approval queue,finance_agent,93,0.88,Decision selected by confidence-risk gate and tool policy evaluation.,domain_owner,pending,2026-01-01 03:13:00
approval_00113,task_00194,review approval queue,fraud_agent,51,0.83,Decision selected by confidence-risk gate and tool policy evaluation.,domain_owner,pending,2026-01-01 03:14:00
approval_00114,task_00195,review approval queue,support_agent,93,0.88,Decision selected by confidence-risk gate and tool policy evaluation.,domain_owner,pending,2026-01-01 03:15:00
approval_00115,task_00197,review approval queue,healthcare_ops_agent,63,0.88,Decision selected by confidence-risk gate and tool policy evaluation.,domain_owner,pending,2026-01-01 03:17:00
approval_00116,task_00200,review approval queue,rag_agent,69,0.83,Decision selected by confidence-risk gate and tool policy evaluation.,domain_owner,pending,2026-01-01 03:20:00
approval_00117,task_00201,review approval queue,metrics_agent,75,0.83,Decision selected by confidence-risk gate and tool policy evaluation.,domain_owner,pending,2026-01-01 03:21:00
approval_00118,task_00202,review approval queue,governance_agent,93,0.88,Decision selected by confidence-risk gate and tool policy evaluation.,domain_owner,pending,2026-01-01 03:22:00
approval_00119,task_00204,review approval queue,executive_agent,93,0.83,Decision selected by confidence-risk gate and tool policy evaluation.,domain_owner,pending,2026-01-01 03:24:00
approval_00120,task_00205,review approval queue,finance_agent,93,0.83,Decision selected by confidence-risk gate and tool policy evaluation.,domain_owner,pending,2026-01-01 03:25:00
approval_00121,task_00206,review approval queue,fraud_agent,51,0.83,Decision selected by confidence-risk gate and tool policy evaluation.,domain_owner,pending,2026-01-01 03:26:00
approval_00122,task_00207,review approval queue,support_agent,93,0.83,Decision selected by confidence-risk gate and tool policy evaluation.,domain_owner,pending,2026-01-01 03:27:00
approval_00123,task_00209,review approval queue,healthcare_ops_agent,63,0.88,Decision selected by confidence-risk gate and tool policy evaluation.,domain_owner,pending,2026-01-01 03:29:00
approval_00124,task_00213,review approval queue,metrics_agent,75,0.83,Decision selected by confidence-risk gate and tool policy evaluation.,domain_owner,pending,2026-01-01 03:33:00
approval_00125,task_00214,review approval queue,governance_agent,93,0.88,Decision selected by confidence-risk gate and tool policy evaluation.,domain_owner,pending,2026-01-01 03:34:00
approval_00126,task_00216,review approval queue,executive_agent,93,0.83,Decision selected by confidence-risk gate and tool policy evaluation.,domain_owner,pending,2026-01-01 03:36:00
approval_00127,task_00217,review approval queue,finance_agent,93,0.83,Decision selected by confidence-risk gate and tool policy evaluation.,domain_owner,pending,2026-01-01 03:37:00
approval_00128,task_00218,review approval queue,fraud_agent,51,0.83,Decision selected by confidence-risk gate and tool policy evaluation.,domain_owner,pending,2026-01-01 03:38:00
approval_00129,task_00219,review approval queue,support_agent,93,0.83,Decision selected by confidence-risk gate and tool policy evaluation.,domain_owner,pending,2026-01-01 03:39:00
approval_00130,task_00221,review approval queue,healthcare_ops_agent,63,0.88,Decision selected by confidence-risk gate and tool policy evaluation.,domain_owner,pending,2026-01-01 03:41:00
approval_00131,task_00225,review approval queue,metrics_agent,75,0.83,Decision selected by confidence-risk gate and tool policy evaluation.,domain_owner,pending,2026-01-01 03:45:00
approval_00132,task_00226,review approval queue,governance_agent,93,0.88,Decision selected by confidence-risk gate and tool policy evaluation.,domain_owner,pending,2026-01-01 03:46:00
approval_00133,task_00228,review approval queue,executive_agent,93,0.88,Decision selected by confidence-risk gate and tool policy evaluation.,domain_owner,pending,2026-01-01 03:48:00
approval_00134,task_00229,review approval queue,finance_agent,93,0.88,Decision selected by confidence-risk gate and tool policy evaluation.,domain_owner,pending,2026-01-01 03:49:00
approval_00135,task_00230,review approval queue,fraud_agent,51,0.83,Decision selected by confidence-risk gate and tool policy evaluation.,domain_owner,pending,2026-01-01 03:50:00
approval_00136,task_00231,review approval queue,support_agent,93,0.88,Decision selected by confidence-risk gate and tool policy evaluation.,domain_owner,pending,2026-01-01 03:51:00
approval_00137,task_00232,review approval queue,supply_chain_agent,57,0.83,Decision selected by confidence-risk gate and tool policy evaluation.,domain_owner,pending,2026-01-01 03:52:00
approval_00138,task_00233,review approval queue,healthcare_ops_agent,63,0.88,Decision selected by confidence-risk gate and tool policy evaluation.,domain_owner,pending,2026-01-01 03:53:00
approval_00139,task_00236,review approval queue,rag_agent,69,0.83,Decision selected by confidence-risk gate and tool policy evaluation.,domain_owner,pending,2026-01-01 03:56:00
approval_00140,task_00237,review approval queue,metrics_agent,75,0.88,Decision selected by confidence-risk gate and tool policy evaluation.,domain_owner,pending,2026-01-01 03:57:00
approval_00141,task_00238,review approval queue,governance_agent,93,0.88,Decision selected by confidence-risk gate and tool policy evaluation.,domain_owner,pending,2026-01-01 03:58:00
approval_00142,task_00240,review approval queue,executive_agent,93,0.83,Decision selected by confidence-risk gate and tool policy evaluation.,domain_owner,pending,2026-01-01 04:00:00
approval_00143,task_00241,review approval queue,finance_agent,93,0.88,Decision selected by confidence-risk gate and tool policy evaluation.,domain_owner,pending,2026-01-01 04:01:00
approval_00144,task_00243,review approval queue,support_agent,93,0.83,Decision selected by confidence-risk gate and tool policy evaluation.,domain_owner,pending,2026-01-01 04:03:00
approval_00145,task_00245,review approval queue,healthcare_ops_agent,63,0.88,Decision selected by confidence-risk gate and tool policy evaluation.,domain_owner,pending,2026-01-01 04:05:00
approval_00146,task_00248,review approval queue,rag_agent,69,0.83,Decision selected by confidence-risk gate and tool policy evaluation.,domain_owner,pending,2026-01-01 04:08:00
approval_00147,task_00249,review approval queue,metrics_agent,75,0.83,Decision selected by confidence-risk gate and tool policy evaluation.,domain_owner,pending,2026-01-01 04:09:00
approval_00148,task_00250,review approval queue,governance_agent,93,0.88,Decision selected by confidence-risk gate and tool policy evaluation.,domain_owner,pending,2026-01-01 04:10:00
approval_00149,task_00252,review approval queue,executive_agent,93,0.88,Decision selected by confidence-risk gate and tool policy evaluation.,domain_owner,pending,2026-01-01 04:12:00
approval_00150,task_00253,review approval queue,finance_agent,93,0.88,Decision selected by confidence-risk gate and tool policy evaluation.,domain_owner,pending,2026-01-01 04:13:00
approval_00151,task_00254,review approval queue,fraud_agent,51,0.83,Decision selected by confidence-risk gate and tool policy evaluation.,domain_owner,pending,2026-01-01 04:14:00
approval_00152,task_00255,review approval queue,support_agent,93,0.88,Decision selected by confidence-risk gate and tool policy evaluation.,domain_owner,pending,2026-01-01 04:15:00
approval_00153,task_00257,review approval queue,healthcare_ops_agent,63,0.88,Decision selected by confidence-risk gate and tool policy evaluation.,domain_owner,pending,2026-01-01 04:17:00
approval_00154,task_00260,review approval queue,rag_agent,69,0.83,Decision selected by confidence-risk gate and tool policy evaluation.,domain_owner,pending,2026-01-01 04:20:00
approval_00155,task_00261,review approval queue,metrics_agent,75,0.88,Decision selected by confidence-risk gate and tool policy evaluation.,domain_owner,pending,2026-01-01 04:21:00
approval_00156,task_00262,review approval queue,governance_agent,93,0.83,Decision selected by confidence-risk gate and tool policy evaluation.,domain_owner,pending,2026-01-01 04:22:00
approval_00157,task_00264,review approval queue,executive_agent,93,0.88,Decision selected by confidence-risk gate and tool policy evaluation.,domain_owner,pending,2026-01-01 04:24:00
approval_00158,task_00265,review approval queue,finance_agent,93,0.83,Decision selected by confidence-risk gate and tool policy evaluation.,domain_owner,pending,2026-01-01 04:25:00
approval_00159,task_00267,review approval queue,support_agent,93,0.88,Decision selected by confidence-risk gate and tool policy evaluation.,domain_owner,pending,2026-01-01 04:27:00
approval_00160,task_00269,review approval queue,healthcare_ops_agent,63,0.88,Decision selected by confidence-risk gate and tool policy evaluation.,domain_owner,pending,2026-01-01 04:29:00
approval_00161,task_00273,review approval queue,metrics_agent,75,0.88,Decision selected by confidence-risk gate and tool policy evaluation.,domain_owner,pending,2026-01-01 04:33:00
approval_00162,task_00274,review approval queue,governance_agent,93,0.88,Decision selected by confidence-risk gate and tool policy evaluation.,domain_owner,pending,2026-01-01 04:34:00
approval_00163,task_00276,review approval queue,executive_agent,93,0.83,Decision selected by confidence-risk gate and tool policy evaluation.,domain_owner,pending,2026-01-01 04:36:00
approval_00164,task_00277,review approval queue,finance_agent,93,0.88,Decision selected by confidence-risk gate and tool policy evaluation.,domain_owner,pending,2026-01-01 04:37:00
approval_00165,task_00279,review approval queue,support_agent,93,0.83,Decision selected by confidence-risk gate and tool policy evaluation.,domain_owner,pending,2026-01-01 04:39:00
approval_00166,task_00281,review approval queue,healthcare_ops_agent,63,0.88,Decision selected by confidence-risk gate and tool policy evaluation.,domain_owner,pending,2026-01-01 04:41:00
approval_00167,task_00285,review approval queue,metrics_agent,75,0.88,Decision selected by confidence-risk gate and tool policy evaluation.,domain_owner,pending,2026-01-01 04:45:00
approval_00168,task_00286,review approval queue,governance_agent,93,0.88,Decision selected by confidence-risk gate and tool policy evaluation.,domain_owner,pending,2026-01-01 04:46:00
approval_00169,task_00288,review approval queue,executive_agent,93,0.88,Decision selected by confidence-risk gate and tool policy evaluation.,domain_owner,pending,2026-01-01 04:48:00
approval_00170,task_00289,review approval queue,finance_agent,93,0.88,Decision selected by confidence-risk gate and tool policy evaluation.,domain_owner,pending,2026-01-01 04:49:00
approval_00171,task_00290,review approval queue,fraud_agent,51,0.83,Decision selected by confidence-risk gate and tool policy evaluation.,domain_owner,pending,2026-01-01 04:50:00
approval_00172,task_00291,review approval queue,support_agent,93,0.83,Decision selected by confidence-risk gate and tool policy evaluation.,domain_owner,pending,2026-01-01 04:51:00
approval_00173,task_00293,review approval queue,healthcare_ops_agent,63,0.83,Decision selected by confidence-risk gate and tool policy evaluation.,domain_owner,pending,2026-01-01 04:53:00
approval_00174,task_00297,review approval queue,metrics_agent,75,0.88,Decision selected by confidence-risk gate and tool policy evaluation.,domain_owner,pending,2026-01-01 04:57:00
approval_00175,task_00298,review approval queue,governance_agent,93,0.83,Decision selected by confidence-risk gate and tool policy evaluation.,domain_owner,pending,2026-01-01 04:58:00
approval_00176,task_00300,review approval queue,executive_agent,93,0.88,Decision selected by confidence-risk gate and tool policy evaluation.,domain_owner,pending,2026-01-01 05:00:00
approval_00177,task_00301,review approval queue,finance_agent,93,0.83,Decision selected by confidence-risk gate and tool policy evaluation.,domain_owner,pending,2026-01-01 05:01:00
approval_00178,task_00303,review approval queue,support_agent,93,0.88,Decision selected by confidence-risk gate and tool policy evaluation.,domain_owner,pending,2026-01-01 05:03:00
approval_00179,task_00304,review approval queue,supply_chain_agent,57,0.83,Decision selected by confidence-risk gate and tool policy evaluation.,domain_owner,pending,2026-01-01 05:04:00
approval_00180,task_00305,review approval queue,healthcare_ops_agent,63,0.88,Decision selected by confidence-risk gate and tool policy evaluation.,domain_owner,pending,2026-01-01 05:05:00
approval_00181,task_00309,review approval queue,metrics_agent,75,0.83,Decision selected by confidence-risk gate and tool policy evaluation.,domain_owner,pending,2026-01-01 05:09:00
approval_00182,task_00310,review approval queue,governance_agent,93,0.88,Decision selected by confidence-risk gate and tool policy evaluation.,domain_owner,pending,2026-01-01 05:10:00
approval_00183,task_00312,review approval queue,executive_agent,93,0.88,Decision selected by confidence-risk gate and tool policy evaluation.,domain_owner,pending,2026-01-01 05:12:00
approval_00184,task_00313,review approval queue,finance_agent,93,0.88,Decision selected by confidence-risk gate and tool policy evaluation.,domain_owner,pending,2026-01-01 05:13:00
approval_00185,task_00315,review approval queue,support_agent,93,0.83,Decision selected by confidence-risk gate and tool policy evaluation.,domain_owner,pending,2026-01-01 05:15:00
approval_00186,task_00316,review approval queue,supply_chain_agent,57,0.83,Decision selected by confidence-risk gate and tool policy evaluation.,domain_owner,pending,2026-01-01 05:16:00
approval_00187,task_00317,review approval queue,healthcare_ops_agent,63,0.83,Decision selected by confidence-risk gate and tool policy evaluation.,domain_owner,pending,2026-01-01 05:17:00
approval_00188,task_00321,review approval queue,metrics_agent,75,0.83,Decision selected by confidence-risk gate and tool policy evaluation.,domain_owner,pending,2026-01-01 05:21:00
approval_00189,task_00322,review approval queue,governance_agent,93,0.83,Decision selected by confidence-risk gate and tool policy evaluation.,domain_owner,pending,2026-01-01 05:22:00
approval_00190,task_00324,review approval queue,executive_agent,93,0.83,Decision selected by confidence-risk gate and tool policy evaluation.,domain_owner,pending,2026-01-01 05:24:00
approval_00191,task_00325,review approval queue,finance_agent,93,0.88,Decision selected by confidence-risk gate and tool policy evaluation.,domain_owner,pending,2026-01-01 05:25:00
approval_00192,task_00326,review approval queue,fraud_agent,51,0.83,Decision selected by confidence-risk gate and tool policy evaluation.,domain_owner,pending,2026-01-01 05:26:00
approval_00193,task_00327,review approval queue,support_agent,93,0.88,Decision selected by confidence-risk gate and tool policy evaluation.,domain_owner,pending,2026-01-01 05:27:00
approval_00194,task_00329,review approval queue,healthcare_ops_agent,63,0.83,Decision selected by confidence-risk gate and tool policy evaluation.,domain_owner,pending,2026-01-01 05:29:00
approval_00195,task_00332,review approval queue,rag_agent,69,0.83,Decision selected by confidence-risk gate and tool policy evaluation.,domain_owner,pending,2026-01-01 05:32:00
approval_00196,task_00333,review approval queue,metrics_agent,75,0.83,Decision selected by confidence-risk gate and tool policy evaluation.,domain_owner,pending,2026-01-01 05:33:00
approval_00197,task_00334,review approval queue,governance_agent,93,0.88,Decision selected by confidence-risk gate and tool policy evaluation.,domain_owner,pending,2026-01-01 05:34:00
approval_00198,task_00336,review approval queue,executive_agent,93,0.83,Decision selected by confidence-risk gate and tool policy evaluation.,domain_owner,pending,2026-01-01 05:36:00
approval_00199,task_00337,review approval queue,finance_agent,93,0.83,Decision selected by confidence-risk gate and tool policy evaluation.,domain_owner,pending,2026-01-01 05:37:00
approval_00200,task_00339,review approval queue,support_agent,93,0.88,Decision selected by confidence-risk gate and tool policy evaluation.,domain_owner,pending,2026-01-01 05:39:00
approval_00201,task_00341,review approval queue,healthcare_ops_agent,63,0.88,Decision selected by confidence-risk gate and tool policy evaluation.,domain_owner,pending,2026-01-01 05:41:00
approval_00202,task_00345,review approval queue,metrics_agent,75,0.88,Decision selected by confidence-risk gate and tool policy evaluation.,domain_owner,pending,2026-01-01 05:45:00
approval_00203,task_00346,review approval queue,governance_agent,93,0.88,Decision selected by confidence-risk gate and tool policy evaluation.,domain_owner,pending,2026-01-01 05:46:00
approval_00204,task_00348,review approval queue,executive_agent,93,0.83,Decision selected by confidence-risk gate and tool policy evaluation.,domain_owner,pending,2026-01-01 05:48:00
approval_00205,task_00349,review approval queue,finance_agent,93,0.88,Decision selected by confidence-risk gate and tool policy evaluation.,domain_owner,pending,2026-01-01 05:49:00
approval_00206,task_00351,review approval queue,support_agent,93,0.88,Decision selected by confidence-risk gate and tool policy evaluation.,domain_owner,pending,2026-01-01 05:51:00
approval_00207,task_00353,review approval queue,healthcare_ops_agent,63,0.88,Decision selected by confidence-risk gate and tool policy evaluation.,domain_owner,pending,2026-01-01 05:53:00
approval_00208,task_00357,review approval queue,metrics_agent,75,0.83,Decision selected by confidence-risk gate and tool policy evaluation.,domain_owner,pending,2026-01-01 05:57:00
approval_00209,task_00358,review approval queue,governance_agent,93,0.88,Decision selected by confidence-risk gate and tool policy evaluation.,domain_owner,pending,2026-01-01 05:58:00
approval_00210,task_00360,review approval queue,executive_agent,93,0.83,Decision selected by confidence-risk gate and tool policy evaluation.,domain_owner,pending,2026-01-01 06:00:00
approval_00211,task_00361,review approval queue,finance_agent,93,0.88,Decision selected by confidence-risk gate and tool policy evaluation.,domain_owner,pending,2026-01-01 06:01:00
approval_00212,task_00362,review approval queue,fraud_agent,51,0.83,Decision selected by confidence-risk gate and tool policy evaluation.,domain_owner,pending,2026-01-01 06:02:00
approval_00213,task_00363,review approval queue,support_agent,93,0.88,Decision selected by confidence-risk gate and tool policy evaluation.,domain_owner,pending,2026-01-01 06:03:00
approval_00214,task_00365,review approval queue,healthcare_ops_agent,63,0.83,Decision selected by confidence-risk gate and tool policy evaluation.,domain_owner,pending,2026-01-01 06:05:00
approval_00215,task_00369,review approval queue,metrics_agent,75,0.88,Decision selected by confidence-risk gate and tool policy evaluation.,domain_owner,pending,2026-01-01 06:09:00
approval_00216,task_00370,review approval queue,governance_agent,93,0.88,Decision selected by confidence-risk gate and tool policy evaluation.,domain_owner,pending,2026-01-01 06:10:00
approval_00217,task_00372,review approval queue,executive_agent,93,0.88,Decision selected by confidence-risk gate and tool policy evaluation.,domain_owner,pending,2026-01-01 06:12:00
approval_00218,task_00373,review approval queue,finance_agent,93,0.83,Decision selected by confidence-risk gate and tool policy evaluation.,domain_owner,pending,2026-01-01 06:13:00
approval_00219,task_00375,review approval queue,support_agent,93,0.88,Decision selected by confidence-risk gate and tool policy evaluation.,domain_owner,pending,2026-01-01 06:15:00
approval_00220,task_00377,review approval queue,healthcare_ops_agent,63,0.88,Decision selected by confidence-risk gate and tool policy evaluation.,domain_owner,pending,2026-01-01 06:17:00
approval_00221,task_00381,review approval queue,metrics_agent,75,0.88,Decision selected by confidence-risk gate and tool policy evaluation.,domain_owner,pending,2026-01-01 06:21:00
approval_00222,task_00382,review approval queue,governance_agent,93,0.88,Decision selected by confidence-risk gate and tool policy evaluation.,domain_owner,pending,2026-01-01 06:22:00
approval_00223,task_00384,review approval queue,executive_agent,93,0.88,Decision selected by confidence-risk gate and tool policy evaluation.,domain_owner,pending,2026-01-01 06:24:00
approval_00224,task_00385,review approval queue,finance_agent,93,0.88,Decision selected by confidence-risk gate and tool policy evaluation.,domain_owner,pending,2026-01-01 06:25:00
approval_00225,task_00386,review approval queue,fraud_agent,51,0.83,Decision selected by confidence-risk gate and tool policy evaluation.,domain_owner,pending,2026-01-01 06:26:00
approval_00226,task_00387,review approval queue,support_agent,93,0.88,Decision selected by confidence-risk gate and tool policy evaluation.,domain_owner,pending,2026-01-01 06:27:00
approval_00227,task_00389,review approval queue,healthcare_ops_agent,63,0.83,Decision selected by confidence-risk gate and tool policy evaluation.,domain_owner,pending,2026-01-01 06:29:00
approval_00228,task_00392,review approval queue,rag_agent,69,0.83,Decision selected by confidence-risk gate and tool policy evaluation.,domain_owner,pending,2026-01-01 06:32:00
approval_00229,task_00393,review approval queue,metrics_agent,75,0.88,Decision selected by confidence-risk gate and tool policy evaluation.,domain_owner,pending,2026-01-01 06:33:00
approval_00230,task_00394,review approval queue,governance_agent,93,0.88,Decision selected by confidence-risk gate and tool policy evaluation.,domain_owner,pending,2026-01-01 06:34:00
approval_00231,task_00396,review approval queue,executive_agent,93,0.88,Decision selected by confidence-risk gate and tool policy evaluation.,domain_owner,pending,2026-01-01 06:36:00
approval_00232,task_00397,review approval queue,finance_agent,93,0.83,Decision selected by confidence-risk gate and tool policy evaluation.,domain_owner,pending,2026-01-01 06:37:00
approval_00233,task_00399,review approval queue,support_agent,93,0.83,Decision selected by confidence-risk gate and tool policy evaluation.,domain_owner,pending,2026-01-01 06:39:00
approval_00234,task_00400,review approval queue,supply_chain_agent,57,0.83,Decision selected by confidence-risk gate and tool policy evaluation.,domain_owner,pending,2026-01-01 06:40:00
approval_00235,task_00401,review approval queue,healthcare_ops_agent,63,0.83,Decision selected by confidence-risk gate and tool policy evaluation.,domain_owner,pending,2026-01-01 06:41:00
approval_00236,task_00405,review approval queue,metrics_agent,75,0.83,Decision selected by confidence-risk gate and tool policy evaluation.,domain_owner,pending,2026-01-01 06:45:00
approval_00237,task_00406,review approval queue,governance_agent,93,0.83,Decision selected by confidence-risk gate and tool policy evaluation.,domain_owner,pending,2026-01-01 06:46:00
approval_00238,task_00408,review approval queue,executive_agent,93,0.88,Decision selected by confidence-risk gate and tool policy evaluation.,domain_owner,pending,2026-01-01 06:48:00
approval_00239,task_00409,review approval queue,finance_agent,93,0.83,Decision selected by confidence-risk gate and tool policy evaluation.,domain_owner,pending,2026-01-01 06:49:00
approval_00240,task_00410,review approval queue,fraud_agent,51,0.83,Decision selected by confidence-risk gate and tool policy evaluation.,domain_owner,pending,2026-01-01 06:50:00
approval_00241,task_00411,review approval queue,support_agent,93,0.88,Decision selected by confidence-risk gate and tool policy evaluation.,domain_owner,pending,2026-01-01 06:51:00
approval_00242,task_00412,review approval queue,supply_chain_agent,57,0.83,Decision selected by confidence-risk gate and tool policy evaluation.,domain_owner,pending,2026-01-01 06:52:00
approval_00243,task_00413,review approval queue,healthcare_ops_agent,63,0.88,Decision selected by confidence-risk gate and tool policy evaluation.,domain_owner,pending,2026-01-01 06:53:00
approval_00244,task_00416,review approval queue,rag_agent,69,0.83,Decision selected by confidence-risk gate and tool policy evaluation.,domain_owner,pending,2026-01-01 06:56:00
approval_00245,task_00417,review approval queue,metrics_agent,75,0.88,Decision selected by confidence-risk gate and tool policy evaluation.,domain_owner,pending,2026-01-01 06:57:00
approval_00246,task_00418,review approval queue,governance_agent,93,0.88,Decision selected by confidence-risk gate and tool policy evaluation.,domain_owner,pending,2026-01-01 06:58:00
approval_00247,task_00420,review approval queue,executive_agent,93,0.88,Decision selected by confidence-risk gate and tool policy evaluation.,domain_owner,pending,2026-01-01 07:00:00
approval_00248,task_00421,review approval queue,finance_agent,93,0.88,Decision selected by confidence-risk gate and tool policy evaluation.,domain_owner,pending,2026-01-01 07:01:00
approval_00249,task_00423,review approval queue,support_agent,93,0.88,Decision selected by confidence-risk gate and tool policy evaluation.,domain_owner,pending,2026-01-01 07:03:00
approval_00250,task_00425,review approval queue,healthcare_ops_agent,63,0.88,Decision selected by confidence-risk gate and tool policy evaluation.,domain_owner,pending,2026-01-01 07:05:00
approval_00251,task_00428,review approval queue,rag_agent,69,0.83,Decision selected by confidence-risk gate and tool policy evaluation.,domain_owner,pending,2026-01-01 07:08:00
approval_00252,task_00429,review approval queue,metrics_agent,75,0.88,Decision selected by confidence-risk gate and tool policy evaluation.,domain_owner,pending,2026-01-01 07:09:00
approval_00253,task_00430,review approval queue,governance_agent,93,0.88,Decision selected by confidence-risk gate and tool policy evaluation.,domain_owner,pending,2026-01-01 07:10:00
approval_00254,task_00432,review approval queue,executive_agent,93,0.88,Decision selected by confidence-risk gate and tool policy evaluation.,domain_owner,pending,2026-01-01 07:12:00
approval_00255,task_00433,review approval queue,finance_agent,93,0.88,Decision selected by confidence-risk gate and tool policy evaluation.,domain_owner,pending,2026-01-01 07:13:00
approval_00256,task_00435,review approval queue,support_agent,93,0.88,Decision selected by confidence-risk gate and tool policy evaluation.,domain_owner,pending,2026-01-01 07:15:00
approval_00257,task_00437,review approval queue,healthcare_ops_agent,63,0.88,Decision selected by confidence-risk gate and tool policy evaluation.,domain_owner,pending,2026-01-01 07:17:00
approval_00258,task_00441,review approval queue,metrics_agent,75,0.83,Decision selected by confidence-risk gate and tool policy evaluation.,domain_owner,pending,2026-01-01 07:21:00
approval_00259,task_00442,review approval queue,governance_agent,93,0.88,Decision selected by confidence-risk gate and tool policy evaluation.,domain_owner,pending,2026-01-01 07:22:00
approval_00260,task_00444,review approval queue,executive_agent,93,0.83,Decision selected by confidence-risk gate and tool policy evaluation.,domain_owner,pending,2026-01-01 07:24:00
approval_00261,task_00445,review approval queue,finance_agent,93,0.88,Decision selected by confidence-risk gate and tool policy evaluation.,domain_owner,pending,2026-01-01 07:25:00
approval_00262,task_00447,review approval queue,support_agent,93,0.88,Decision selected by confidence-risk gate and tool policy evaluation.,domain_owner,pending,2026-01-01 07:27:00
approval_00263,task_00448,review approval queue,supply_chain_agent,57,0.83,Decision selected by confidence-risk gate and tool policy evaluation.,domain_owner,pending,2026-01-01 07:28:00
approval_00264,task_00449,review approval queue,healthcare_ops_agent,63,0.83,Decision selected by confidence-risk gate and tool policy evaluation.,domain_owner,pending,2026-01-01 07:29:00
approval_00265,task_00453,review approval queue,metrics_agent,75,0.88,Decision selected by confidence-risk gate and tool policy evaluation.,domain_owner,pending,2026-01-01 07:33:00
approval_00266,task_00454,review approval queue,governance_agent,93,0.83,Decision selected by confidence-risk gate and tool policy evaluation.,domain_owner,pending,2026-01-01 07:34:00
approval_00267,task_00456,review approval queue,executive_agent,93,0.88,Decision selected by confidence-risk gate and tool policy evaluation.,domain_owner,pending,2026-01-01 07:36:00
approval_00268,task_00457,review approval queue,finance_agent,93,0.88,Decision selected by confidence-risk gate and tool policy evaluation.,domain_owner,pending,2026-01-01 07:37:00
approval_00269,task_00458,review approval queue,fraud_agent,51,0.83,Decision selected by confidence-risk gate and tool policy evaluation.,domain_owner,pending,2026-01-01 07:38:00
approval_00270,task_00459,review approval queue,support_agent,93,0.83,Decision selected by confidence-risk gate and tool policy evaluation.,domain_owner,pending,2026-01-01 07:39:00
approval_00271,task_00461,review approval queue,healthcare_ops_agent,63,0.88,Decision selected by confidence-risk gate and tool policy evaluation.,domain_owner,pending,2026-01-01 07:41:00
approval_00272,task_00464,review approval queue,rag_agent,69,0.83,Decision selected by confidence-risk gate and tool policy evaluation.,domain_owner,pending,2026-01-01 07:44:00
approval_00273,task_00465,review approval queue,metrics_agent,75,0.88,Decision selected by confidence-risk gate and tool policy evaluation.,domain_owner,pending,2026-01-01 07:45:00
approval_00274,task_00466,review approval queue,governance_agent,93,0.88,Decision selected by confidence-risk gate and tool policy evaluation.,domain_owner,pending,2026-01-01 07:46:00
approval_00275,task_00468,review approval queue,executive_agent,93,0.88,Decision selected by confidence-risk gate and tool policy evaluation.,domain_owner,pending,2026-01-01 07:48:00
approval_00276,task_00469,review approval queue,finance_agent,93,0.88,Decision selected by confidence-risk gate and tool policy evaluation.,domain_owner,pending,2026-01-01 07:49:00
approval_00277,task_00471,review approval queue,support_agent,93,0.88,Decision selected by confidence-risk gate and tool policy evaluation.,domain_owner,pending,2026-01-01 07:51:00
approval_00278,task_00473,review approval queue,healthcare_ops_agent,63,0.88,Decision selected by confidence-risk gate and tool policy evaluation.,domain_owner,pending,2026-01-01 07:53:00
approval_00279,task_00476,review approval queue,rag_agent,69,0.83,Decision selected by confidence-risk gate and tool policy evaluation.,domain_owner,pending,2026-01-01 07:56:00
approval_00280,task_00477,review approval queue,metrics_agent,75,0.83,Decision selected by confidence-risk gate and tool policy evaluation.,domain_owner,pending,2026-01-01 07:57:00
approval_00281,task_00478,review approval queue,governance_agent,93,0.88,Decision selected by confidence-risk gate and tool policy evaluation.,domain_owner,pending,2026-01-01 07:58:00
approval_00282,task_00480,review approval queue,executive_agent,93,0.88,Decision selected by confidence-risk gate and tool policy evaluation.,domain_owner,pending,2026-01-01 08:00:00
approval_00283,task_00481,review approval queue,finance_agent,93,0.88,Decision selected by confidence-risk gate and tool policy evaluation.,domain_owner,pending,2026-01-01 08:01:00
approval_00284,task_00483,review approval queue,support_agent,93,0.88,Decision selected by confidence-risk gate and tool policy evaluation.,domain_owner,pending,2026-01-01 08:03:00
approval_00285,task_00484,review approval queue,supply_chain_agent,57,0.83,Decision selected by confidence-risk gate and tool policy evaluation.,domain_owner,pending,2026-01-01 08:04:00
approval_00286,task_00485,review approval queue,healthcare_ops_agent,63,0.83,Decision selected by confidence-risk gate and tool policy evaluation.,domain_owner,pending,2026-01-01 08:05:00
approval_00287,task_00489,review approval queue,metrics_agent,75,0.83,Decision selected by confidence-risk gate and tool policy evaluation.,domain_owner,pending,2026-01-01 08:09:00
approval_00288,task_00490,review approval queue,governance_agent,93,0.83,Decision selected by confidence-risk gate and tool policy evaluation.,domain_owner,pending,2026-01-01 08:10:00
approval_00289,task_00492,review approval queue,executive_agent,93,0.88,Decision selected by confidence-risk gate and tool policy evaluation.,domain_owner,pending,2026-01-01 08:12:00
approval_00290,task_00493,review approval queue,finance_agent,93,0.83,Decision selected by confidence-risk gate and tool policy evaluation.,domain_owner,pending,2026-01-01 08:13:00
approval_00291,task_00495,review approval queue,support_agent,93,0.83,Decision selected by confidence-risk gate and tool policy evaluation.,domain_owner,pending,2026-01-01 08:15:00
approval_00292,task_00497,review approval queue,healthcare_ops_agent,63,0.88,Decision selected by confidence-risk gate and tool policy evaluation.,domain_owner,pending,2026-01-01 08:17:00
approval_00293,task_00501,review approval queue,metrics_agent,75,0.88,Decision selected by confidence-risk gate and tool policy evaluation.,domain_owner,pending,2026-01-01 08:21:00
approval_00294,task_00502,review approval queue,governance_agent,93,0.88,Decision selected by confidence-risk gate and tool policy evaluation.,domain_owner,pending,2026-01-01 08:22:00
approval_00295,task_00504,review approval queue,executive_agent,93,0.88,Decision selected by confidence-risk gate and tool policy evaluation.,domain_owner,pending,2026-01-01 08:24:00
approval_00296,task_00505,review approval queue,finance_agent,93,0.88,Decision selected by confidence-risk gate and tool policy evaluation.,domain_owner,pending,2026-01-01 08:25:00
approval_00297,task_00507,review approval queue,support_agent,93,0.88,Decision selected by confidence-risk gate and tool policy evaluation.,domain_owner,pending,2026-01-01 08:27:00
approval_00298,task_00509,review approval queue,healthcare_ops_agent,63,0.88,Decision selected by confidence-risk gate and tool policy evaluation.,domain_owner,pending,2026-01-01 08:29:00
approval_00299,task_00512,review approval queue,rag_agent,69,0.83,Decision selected by confidence-risk gate and tool policy evaluation.,domain_owner,pending,2026-01-01 08:32:00
approval_00300,task_00513,review approval queue,metrics_agent,75,0.88,Decision selected by confidence-risk gate and tool policy evaluation.,domain_owner,pending,2026-01-01 08:33:00
approval_00301,task_00514,review approval queue,governance_agent,93,0.88,Decision selected by confidence-risk gate and tool policy evaluation.,domain_owner,pending,2026-01-01 08:34:00
approval_00302,task_00516,review approval queue,executive_agent,93,0.88,Decision selected by confidence-risk gate and tool policy evaluation.,domain_owner,pending,2026-01-01 08:36:00
approval_00303,task_00517,review approval queue,finance_agent,93,0.88,Decision selected by confidence-risk gate and tool policy evaluation.,domain_owner,pending,2026-01-01 08:37:00
approval_00304,task_00519,review approval queue,support_agent,93,0.88,Decision selected by confidence-risk gate and tool policy evaluation.,domain_owner,pending,2026-01-01 08:39:00
approval_00305,task_00521,review approval queue,healthcare_ops_agent,63,0.88,Decision selected by confidence-risk gate and tool policy evaluation.,domain_owner,pending,2026-01-01 08:41:00
approval_00306,task_00524,review approval queue,rag_agent,69,0.83,Decision selected by confidence-risk gate and tool policy evaluation.,domain_owner,pending,2026-01-01 08:44:00
approval_00307,task_00525,review approval queue,metrics_agent,75,0.83,Decision selected by confidence-risk gate and tool policy evaluation.,domain_owner,pending,2026-01-01 08:45:00
approval_00308,task_00526,review approval queue,governance_agent,93,0.88,Decision selected by confidence-risk gate and tool policy evaluation.,domain_owner,pending,2026-01-01 08:46:00
approval_00309,task_00528,review approval queue,executive_agent,93,0.88,Decision selected by confidence-risk gate and tool policy evaluation.,domain_owner,pending,2026-01-01 08:48:00
approval_00310,task_00529,review approval queue,finance_agent,93,0.88,Decision selected by confidence-risk gate and tool policy evaluation.,domain_owner,pending,2026-01-01 08:49:00
approval_00311,task_00530,review approval queue,fraud_agent,51,0.83,Decision selected by confidence-risk gate and tool policy evaluation.,domain_owner,pending,2026-01-01 08:50:00
approval_00312,task_00531,review approval queue,support_agent,93,0.83,Decision selected by confidence-risk gate and tool policy evaluation.,domain_owner,pending,2026-01-01 08:51:00
approval_00313,task_00533,review approval queue,healthcare_ops_agent,63,0.83,Decision selected by confidence-risk gate and tool policy evaluation.,domain_owner,pending,2026-01-01 08:53:00
approval_00314,task_00537,review approval queue,metrics_agent,75,0.88,Decision selected by confidence-risk gate and tool policy evaluation.,domain_owner,pending,2026-01-01 08:57:00
approval_00315,task_00538,review approval queue,governance_agent,93,0.88,Decision selected by confidence-risk gate and tool policy evaluation.,domain_owner,pending,2026-01-01 08:58:00
approval_00316,task_00540,review approval queue,executive_agent,93,0.88,Decision selected by confidence-risk gate and tool policy evaluation.,domain_owner,pending,2026-01-01 09:00:00
approval_00317,task_00541,review approval queue,finance_agent,93,0.88,Decision selected by confidence-risk gate and tool policy evaluation.,domain_owner,pending,2026-01-01 09:01:00
approval_00318,task_00542,review approval queue,fraud_agent,51,0.83,Decision selected by confidence-risk gate and tool policy evaluation.,domain_owner,pending,2026-01-01 09:02:00
approval_00319,task_00543,review approval queue,support_agent,93,0.83,Decision selected by confidence-risk gate and tool policy evaluation.,domain_owner,pending,2026-01-01 09:03:00
approval_00320,task_00545,review approval queue,healthcare_ops_agent,63,0.83,Decision selected by confidence-risk gate and tool policy evaluation.,domain_owner,pending,2026-01-01 09:05:00
approval_00321,task_00548,review approval queue,rag_agent,69,0.83,Decision selected by confidence-risk gate and tool policy evaluation.,domain_owner,pending,2026-01-01 09:08:00
approval_00322,task_00549,review approval queue,metrics_agent,75,0.88,Decision selected by confidence-risk gate and tool policy evaluation.,domain_owner,pending,2026-01-01 09:09:00
approval_00323,task_00550,review approval queue,governance_agent,93,0.88,Decision selected by confidence-risk gate and tool policy evaluation.,domain_owner,pending,2026-01-01 09:10:00
approval_00324,task_00552,review approval queue,executive_agent,93,0.83,Decision selected by confidence-risk gate and tool policy evaluation.,domain_owner,pending,2026-01-01 09:12:00
approval_00325,task_00553,review approval queue,finance_agent,93,0.83,Decision selected by confidence-risk gate and tool policy evaluation.,domain_owner,pending,2026-01-01 09:13:00
approval_00326,task_00555,review approval queue,support_agent,93,0.83,Decision selected by confidence-risk gate and tool policy evaluation.,domain_owner,pending,2026-01-01 09:15:00
approval_00327,task_00557,review approval queue,healthcare_ops_agent,63,0.88,Decision selected by confidence-risk gate and tool policy evaluation.,domain_owner,pending,2026-01-01 09:17:00
approval_00328,task_00561,review approval queue,metrics_agent,75,0.88,Decision selected by confidence-risk gate and tool policy evaluation.,domain_owner,pending,2026-01-01 09:21:00
approval_00329,task_00562,review approval queue,governance_agent,93,0.88,Decision selected by confidence-risk gate and tool policy evaluation.,domain_owner,pending,2026-01-01 09:22:00
approval_00330,task_00564,review approval queue,executive_agent,93,0.83,Decision selected by confidence-risk gate and tool policy evaluation.,domain_owner,pending,2026-01-01 09:24:00
approval_00331,task_00565,review approval queue,finance_agent,93,0.88,Decision selected by confidence-risk gate and tool policy evaluation.,domain_owner,pending,2026-01-01 09:25:00
approval_00332,task_00567,review approval queue,support_agent,93,0.88,Decision selected by confidence-risk gate and tool policy evaluation.,domain_owner,pending,2026-01-01 09:27:00
approval_00333,task_00568,review approval queue,supply_chain_agent,57,0.83,Decision selected by confidence-risk gate and tool policy evaluation.,domain_owner,pending,2026-01-01 09:28:00
approval_00334,task_00569,review approval queue,healthcare_ops_agent,63,0.88,Decision selected by confidence-risk gate and tool policy evaluation.,domain_owner,pending,2026-01-01 09:29:00
approval_00335,task_00573,review approval queue,metrics_agent,75,0.88,Decision selected by confidence-risk gate and tool policy evaluation.,domain_owner,pending,2026-01-01 09:33:00
approval_00336,task_00574,review approval queue,governance_agent,93,0.88,Decision selected by confidence-risk gate and tool policy evaluation.,domain_owner,pending,2026-01-01 09:34:00
approval_00337,task_00576,review approval queue,executive_agent,93,0.88,Decision selected by confidence-risk gate and tool policy evaluation.,domain_owner,pending,2026-01-01 09:36:00
approval_00338,task_00577,review approval queue,finance_agent,93,0.88,Decision selected by confidence-risk gate and tool policy evaluation.,domain_owner,pending,2026-01-01 09:37:00
approval_00339,task_00578,review approval queue,fraud_agent,51,0.83,Decision selected by confidence-risk gate and tool policy evaluation.,domain_owner,pending,2026-01-01 09:38:00
approval_00340,task_00579,review approval queue,support_agent,93,0.83,Decision selected by confidence-risk gate and tool policy evaluation.,domain_owner,pending,2026-01-01 09:39:00
approval_00341,task_00580,review approval queue,supply_chain_agent,57,0.83,Decision selected by confidence-risk gate and tool policy evaluation.,domain_owner,pending,2026-01-01 09:40:00
approval_00342,task_00581,review approval queue,healthcare_ops_agent,63,0.88,Decision selected by confidence-risk gate and tool policy evaluation.,domain_owner,pending,2026-01-01 09:41:00
approval_00343,task_00585,review approval queue,metrics_agent,75,0.88,Decision selected by confidence-risk gate and tool policy evaluation.,domain_owner,pending,2026-01-01 09:45:00
approval_00344,task_00586,review approval queue,governance_agent,93,0.88,Decision selected by confidence-risk gate and tool policy evaluation.,domain_owner,pending,2026-01-01 09:46:00
approval_00345,task_00588,review approval queue,executive_agent,93,0.88,Decision selected by confidence-risk gate and tool policy evaluation.,domain_owner,pending,2026-01-01 09:48:00
approval_00346,task_00589,review approval queue,finance_agent,93,0.83,Decision selected by confidence-risk gate and tool policy evaluation.,domain_owner,pending,2026-01-01 09:49:00
approval_00347,task_00591,review approval queue,support_agent,93,0.88,Decision selected by confidence-risk gate and tool policy evaluation.,domain_owner,pending,2026-01-01 09:51:00
approval_00348,task_00592,review approval queue,supply_chain_agent,57,0.83,Decision selected by confidence-risk gate and tool policy evaluation.,domain_owner,pending,2026-01-01 09:52:00
approval_00349,task_00593,review approval queue,healthcare_ops_agent,63,0.88,Decision selected by confidence-risk gate and tool policy evaluation.,domain_owner,pending,2026-01-01 09:53:00
approval_00350,task_00597,review approval queue,metrics_agent,75,0.88,Decision selected by confidence-risk gate and tool policy evaluation.,domain_owner,pending,2026-01-01 09:57:00
approval_00351,task_00598,review approval queue,governance_agent,93,0.83,Decision selected by confidence-risk gate and tool policy evaluation.,domain_owner,pending,2026-01-01 09:58:00
approval_00352,task_00600,review approval queue,executive_agent,93,0.83,Decision selected by confidence-risk gate and tool policy evaluation.,domain_owner,pending,2026-01-01 10:00:00
